file_name,file_path,imgsize,bytes,img_url,time
file_name,file_path,imgsize,bytes,img_url,time
1077699660,,,,https://inaturalist-open-data.s3.amazonaws.com/photos/1350959/large.jpg,2022Jan19-10:42:24
107771093,,,,https://inaturalist-open-data.s3.amazonaws.com/photos/1350981/large.jpg,2022Jan19-10:42:24
1077723420,,,,https://inaturalist-open-data.s3.amazonaws.com/photos/1351000/large.jpg,2022Jan19-10:42:24
771715976,,,,https://inaturalist-open-data.s3.amazonaws.com/photos/969220/large.jpg,2022Jan19-10:42:24
1077735926,,,,https://inaturalist-open-data.s3.amazonaws.com/photos/1351016/large.jpg,2022Jan19-10:42:24
722808799,,,,https://inaturalist-open-data.s3.amazonaws.com/photos/908275/large.jpg,2022Jan19-10:42:24
725626185,,,,https://inaturalist-open-data.s3.amazonaws.com/photos/911399/large.JPG,2022Jan19-10:42:24
714595515,,,,https://static.inaturalist.org/photos/897806/large.jpg,2022Jan19-10:42:24
1077730928,,,,https://inaturalist-open-data.s3.amazonaws.com/photos/1351010/large.jpg,2022Jan19-10:42:24
558400800,,,,https://inaturalist-open-data.s3.amazonaws.com/photos/711711/large.jpg,2022Jan19-10:42:24
738824528,,,,https://inaturalist-open-data.s3.amazonaws.com/photos/928553/large.jpg,2022Jan19-10:42:24
73545551,,,,https://inaturalist-open-data.s3.amazonaws.com/photos/924419/large.jpg,2022Jan19-10:42:24
1077706977,,,,https://inaturalist-open-data.s3.amazonaws.com/photos/1350970/large.jpg,2022Jan19-10:42:24
1077713739,,,,https://inaturalist-open-data.s3.amazonaws.com/photos/1350989/large.jpg,2022Jan19-10:42:24
1077686239,,,,https://inaturalist-open-data.s3.amazonaws.com/photos/1350929/large.jpg,2022Jan19-10:42:24
827143710,,,,https://inaturalist-open-data.s3.amazonaws.com/photos/1043923/large.JPG,2022Jan19-10:42:24
798955800,,,,https://inaturalist-open-data.s3.amazonaws.com/photos/1005897/large.jpg,2022Jan19-10:42:24
762004979,,,,https://inaturalist-open-data.s3.amazonaws.com/photos/957995/large.jpg,2022Jan19-10:42:24
1167332955,,,,https://static.inaturalist.org/photos/1472020/large.jpg,2022Jan19-10:42:24
239874916,,,,https://static.inaturalist.org/photos/300374/large.jpg,2022Jan19-10:42:24
1077691750,,,,https://inaturalist-open-data.s3.amazonaws.com/photos/1350933/large.jpg,2022Jan19-10:42:24
241780138,,,,https://static.inaturalist.org/photos/302454/large.jpg,2022Jan19-10:42:24
3616512,,,,https://static.inaturalist.org/photos/61051/large.jpg,2022Jan19-10:42:24
446369441,,,,https://inaturalist-open-data.s3.amazonaws.com/photos/561847/large.jpg,2022Jan19-10:42:24
331433150,,,,https://inaturalist-open-data.s3.amazonaws.com/photos/413446/large.JPG,2022Jan19-10:42:24
259417339,,,,https://inaturalist-open-data.s3.amazonaws.com/photos/321779/large.jpg,2022Jan19-10:42:24
192442287,,,,https://inaturalist-open-data.s3.amazonaws.com/photos/247122/large.jpg,2022Jan19-10:42:24
210915575,,,,https://inaturalist-open-data.s3.amazonaws.com/photos/266857/large.jpg,2022Jan19-10:42:24
file_name,file_path,imgsize,bytes,img_url,time
1077713739,,,,https://inaturalist-open-data.s3.amazonaws.com/photos/1350989/large.jpg,2022Jan20-15:31:19
1077686239,,,,https://inaturalist-open-data.s3.amazonaws.com/photos/1350929/large.jpg,2022Jan20-15:31:19
1077706977,,,,https://inaturalist-open-data.s3.amazonaws.com/photos/1350970/large.jpg,2022Jan20-15:31:19
1077699660,,,,https://inaturalist-open-data.s3.amazonaws.com/photos/1350959/large.jpg,2022Jan20-15:31:19
107771093,,,,https://inaturalist-open-data.s3.amazonaws.com/photos/1350981/large.jpg,2022Jan20-15:31:19
771715976,,,,https://inaturalist-open-data.s3.amazonaws.com/photos/969220/large.jpg,2022Jan20-15:31:19
1077723420,,,,https://inaturalist-open-data.s3.amazonaws.com/photos/1351000/large.jpg,2022Jan20-15:31:19
714595515,,,,https://static.inaturalist.org/photos/897806/large.jpg,2022Jan20-15:31:19
558400800,,,,https://inaturalist-open-data.s3.amazonaws.com/photos/711711/large.jpg,2022Jan20-15:31:19
725626185,,,,https://inaturalist-open-data.s3.amazonaws.com/photos/911399/large.JPG,2022Jan20-15:31:19
827143710,,,,https://inaturalist-open-data.s3.amazonaws.com/photos/1043923/large.JPG,2022Jan20-15:31:19
1077730928,,,,https://inaturalist-open-data.s3.amazonaws.com/photos/1351010/large.jpg,2022Jan20-15:31:19
73545551,,,,https://inaturalist-open-data.s3.amazonaws.com/photos/924419/large.jpg,2022Jan20-15:31:19
738824528,,,,https://inaturalist-open-data.s3.amazonaws.com/photos/928553/large.jpg,2022Jan20-15:31:19
1077735926,,,,https://inaturalist-open-data.s3.amazonaws.com/photos/1351016/large.jpg,2022Jan20-15:31:19
762004979,,,,https://inaturalist-open-data.s3.amazonaws.com/photos/957995/large.jpg,2022Jan20-15:31:19
1077691750,,,,https://inaturalist-open-data.s3.amazonaws.com/photos/1350933/large.jpg,2022Jan20-15:31:19
798955800,,,,https://inaturalist-open-data.s3.amazonaws.com/photos/1005897/large.jpg,2022Jan20-15:31:19
722808799,,,,https://inaturalist-open-data.s3.amazonaws.com/photos/908275/large.jpg,2022Jan20-15:31:20
1167332955,,,,https://static.inaturalist.org/photos/1472020/large.jpg,2022Jan20-15:31:20
259417339,,,,https://inaturalist-open-data.s3.amazonaws.com/photos/321779/large.jpg,2022Jan20-15:31:20
239874916,,,,https://static.inaturalist.org/photos/300374/large.jpg,2022Jan20-15:31:20
210915575,,,,https://inaturalist-open-data.s3.amazonaws.com/photos/266857/large.jpg,2022Jan20-15:31:20
3616512,,,,https://static.inaturalist.org/photos/61051/large.jpg,2022Jan20-15:31:20
446369441,,,,https://inaturalist-open-data.s3.amazonaws.com/photos/561847/large.jpg,2022Jan20-15:31:20
331433150,,,,https://inaturalist-open-data.s3.amazonaws.com/photos/413446/large.JPG,2022Jan20-15:31:20
192442287,,,,https://inaturalist-open-data.s3.amazonaws.com/photos/247122/large.jpg,2022Jan20-15:31:20
241780138,,,,https://static.inaturalist.org/photos/302454/large.jpg,2022Jan20-15:31:20
